{"train_loss": 0.03126487138681114, "train_recon_loss": 0.03126487138681114, "test_loss": 0.029036258049309253, "test_recon_loss": 0.029036258049309253, "_timestamp": 1713333726.291404, "_runtime": 4310.433381080627, "_step": 49, "_wandb": {"runtime": 4309}}