{"acc": 0.7605744760143163, "loss": 0.19160779225144373, "_timestamp": 1713326920.9348598, "_runtime": 1.2684266567230225, "_step": 7, "_wandb": {"runtime": 0}}